{
  "train_loss": [
    3.807637023925781,
    3.4373952388763427,
    3.3997636795043946,
    2.9776319026947022,
    2.889899396896362
  ],
  "train_acc": [
    0.08571428571428572,
    0.12857142857142856,
    0.02857142857142857,
    0.1,
    0.14285714285714285
  ],
  "val_loss": [
    4.37469482421875,
    3.1793837547302246,
    3.3423221111297607,
    3.533301830291748,
    3.7841079235076904
  ],
  "val_acc": [
    0.13333333333333333,
    0.13333333333333333,
    0.13333333333333333,
    0.06666666666666667,
    0.06666666666666667
  ]
}