{
  "train_loss": [
    3.3651294231414797
  ],
  "train_acc": [
    0.04285714285714286
  ],
  "val_loss": [
    5.13792610168457
  ],
  "val_acc": [
    0.06666666666666667
  ]
}